Дата запуска;0.0;1.0;2.0;3.0;4.0;5.0;6.0;7.0;8.0;9.0;10.0;11.0;12.0;13.0;14.0;15.0;16.0;17.0
Дата запуска;2020-03-12 00:00:00;2020-03-13 00:00:00;2020-03-14 00:00:00;2020-03-15 00:00:00;2020-03-16 00:00:00;2020-03-17 00:00:00;2020-03-18 00:00:00;2020-03-19 00:00:00;2020-03-20 00:00:00;2020-03-21 00:00:00;2020-03-22 00:00:00;2020-03-23 00:00:00;2020-03-24 00:00:00;2020-03-25 00:00:00;2020-03-26 00:00:00;2020-03-27 00:00:00;2020-03-28 00:00:00;2020-03-29 00:00:00
Номенклатура;;;;;;;;;;;;;;;;;;
Втулка 42х40 - d23;144.0;0.0;0.0;0.0;0.0;0.0;0.0;0.0;0.0;0.0;0.0;0.0;0.0;0.0;0.0;0.0;0.0;0.0
Круг 12 ГОСТ 2590-2006 09Г2С-12 ГОСТ 19281-2014;0.0;0.0;0.0;0.0;0.0;0.0;0.0;0.0;0.0;0.0;0.0;0.0;0.0;0.0;0.0;0.0;0.0;196.57199999999992
Круг 16 ГОСТ 2590-2006 С345-3 ГОСТ 27772-2015;240.52;0.0;0.0;0.0;0.0;0.0;0.0;0.0;90.19500000000001;0.0;114.247;0.0;0.0;42.091;36.078;15.933;0.0;29.812
Круг 18 ГОСТ 2590-2006 09Г2С ГОСТ 17380-2001;2.893;0.0;0.0;0.0;0.0;0.0;0.0;0.0;0.0;0.0;0.0;0.0;0.0;0.0;0.0;0.0;0.0;0.0
Круг 18 ГОСТ 2590-2006 09Г2С-12 ГОСТ 19281-2014;66.09100000000001;0.0;119.02;0.0;0.0;0.0;0.0;0.0;0.0;0.0;0.0;0.0;0.0;0.0;0.0;0.0;0.0;0.0
Круг 18 ГОСТ 2590-2006 Ст5сп ГОСТ 5781-82;14.893;0.0;0.0;0.0;0.0;0.0;0.0;0.0;0.0;0.0;0.0;0.0;0.0;0.0;0.0;0.0;0.0;0.0
Круг 20 ГОСТ 2590-2006 09Г2С-12 ГОСТ 19281-2014;0.0;0.0;0.0;0.0;0.0;0.0;0.0;0.0;0.0;0.0;0.0;0.0;0.0;0.0;0.0;360.8820000000002;0.0;258.38
Круг 20 ГОСТ 2590-2006 С345-3 ГОСТ 27772-2015;0.0;0.0;0.0;0.0;0.0;0.0;0.0;0.0;0.0;0.0;0.0;0.0;0.0;0.0;1.372;0.0;0.0;0.0
Круг 22 ГОСТ 2590-2006 09Г2С-12 ГОСТ 19281-2014;0.0;0.0;0.0;0.0;0.0;0.0;0.0;0.0;0.0;1.658;0.0;0.0;0.0;0.0;0.0;0.0;0.0;0.0
Круг 24 ГОСТ 2590-2006 09Г2С-12 ГОСТ 19281-2014;0.0;0.0;0.0;0.0;0.0;0.0;0.0;0.0;0.0;0.0;0.0;0.0;0.0;0.0;0.0;0.0;0.0;23.60999999999997
Круг 36 ГОСТ 2590-2006 09Г2С-12 ГОСТ 19281-2014;76.795;0.0;0.0;0.0;0.0;0.0;0.0;0.0;0.0;0.0;0.0;0.0;0.0;0.0;0.0;0.0;0.0;0.0
Круг 6 ГОСТ 2590-2006 09Г2С-12 ГОСТ 19281-2014;0.054;0.0;0.0;0.0;0.0;0.0;0.0;0.0;0.0;0.0;0.0;0.0;0.0;0.0;0.0;0.0;0.0;0.0
Лист 10 ГОСТ 19903-74 09Г2С-12 ГОСТ 19281-2014;529.328;3230.524;10.558;970.488;26.052;203.021;1464.507;785.169;860.169;1034.048;805.391;0.0;0.0;2477.727;254.334;489.67;4155.957;0.0
Лист 10 ГОСТ 19903-74 09Г2С-15 ГОСТ 19281-2014;0.0;0.0;0.0;233.193;0.0;0.0;0.0;0.0;0.0;3438.537;0.0;5608.296;0.0;0.0;0.0;211.822;4.525;0.0
Лист 10 ГОСТ 19903-74 С345-3 ГОСТ 27772-2015;0.0;0.0;0.0;0.0;0.0;0.0;0.0;1246.288;0.0;0.0;0.0;0.0;0.0;0.0;0.0;75.098;0.0;112.647
Лист 10 ГОСТ 19903-74 С345-6 ГОСТ 27772-2015;147.976;0.0;0.0;0.0;0.0;0.0;0.0;174.964;0.0;0.0;0.0;0.0;0.0;0.0;0.0;0.0;0.0;0.0
Лист 12 ГОСТ 19903-2015 09Г2С-12 ГОСТ 19281-2014;0.0;8212.274;0.0;0.0;0.0;9.138;0.0;1562.022;0.0;0.0;0.0;0.0;0.0;0.0;0.0;20.648;0.0;0.0
Лист 12 ГОСТ 19903-74 С345-3 ГОСТ 27772-2015;0.0;0.0;0.0;0.0;0.0;0.0;0.0;0.0;128.34;0.0;162.564;0.0;0.0;59.891999999999996;51.336;8.556;0.0;0.0
Лист 14 ГОСТ 19903-74 09Г2С-12 ГОСТ 19281-2014;347.994;0.0;0.0;367.327;19.333;0.0;0.0;0.0;0.0;0.0;0.0;0.0;0.0;0.0;0.0;0.0;0.0;0.0
Лист 15 ГОСТ 19903-74 Ст5сп ГОСТ 5781-82;848.063;0.0;0.0;0.0;0.0;0.0;0.0;0.0;0.0;0.0;0.0;0.0;0.0;0.0;0.0;0.0;0.0;0.0
Лист 16 ГОСТ 19903-74 09Г2С-12 ГОСТ 19281-2014;2385.158;1917.3509999999999;0.0;350.325;18.842;5324.526;560.646;0.0;194.219;2502.226;245.974;0.0;0.0;244.87400000000002;77.676;12.946;2752.6459999999997;0.0
Лист 16 ГОСТ 19903-74 09Г2С-15 ГОСТ 19281-2014;0.0;101.956;0.0;32.651;0.0;0.0;0.0;0.0;0.0;258.619;0.0;405.162;0.0;0.0;0.0;0.0;0.0;0.0
Лист 16 ГОСТ 19903-74 С345-3 ГОСТ 27772-2015;0.0;0.0;0.0;0.0;0.0;0.0;0.0;90.036;0.0;0.0;0.0;0.0;0.0;0.0;0.0;0.0;0.0;0.0
Лист 16 ГОСТ 19903-74 С345-6 ГОСТ 27772-2015;44.302;0.0;0.0;0.0;0.0;0.0;0.0;378.276;0.0;0.0;0.0;0.0;0.0;0.0;0.0;0.0;0.0;0.0
Лист 20 ГОСТ 19903-74 09Г2С-12 ГОСТ 19281-2014;2911.494999999998;2907.8019999999997;59.818;957.186;2654.33;5639.04;2044.928;5350.254;2262.05;1677.0819999999999;1278.08;0.0;1405.888;0.0;0.0;1038.244;0.0;402.155
Лист 20 ГОСТ 19903-74 09Г2С-15 ГОСТ 19281-2014;0.0;302.494;0.0;0.0;0.0;0.0;0.0;0.0;0.0;0.0;0.0;615.276;0.0;0.0;0.0;80.384;315.008;0.0
Лист 20 ГОСТ 19903-74 С345-3 ГОСТ 27772-2015;0.0;0.0;0.0;0.0;0.0;0.0;0.0;0.0;0.0;0.0;0.0;0.0;0.0;0.0;0.0;224.146;0.0;742.463
Лист 24 ГОСТ 19903-74 09Г2С-12 ГОСТ 19281-2014;235.007;0.0;0.0;0.0;0.0;0.0;0.0;0.0;0.0;0.0;0.0;0.0;0.0;0.0;0.0;0.0;0.0;0.0
Лист 25 ГОСТ 19903-74 09Г2С-12 ГОСТ 19281-2014;2795.1700000000005;0.0;0.0;0.0;0.0;1757.0349999999999;572.259;0.0;0.0;0.0;0.0;0.0;0.0;1364.398;0.0;0.0;2533.882;0.0
Лист 25 ГОСТ 19903-74 09Г2С-15 ГОСТ 19281-2014;131.558;131.314;0.0;0.0;0.0;0.0;0.0;0.0;0.0;1949.14;0.0;3508.452;0.0;0.0;0.0;393.476;0.0;0.0
Лист 25 ГОСТ 19903-74 С345-3 ГОСТ 27772-2015;0.0;0.0;0.0;0.0;0.0;0.0;0.0;779.656;0.0;0.0;0.0;0.0;0.0;0.0;0.0;0.0;0.0;0.0
Лист 3 ГОСТ 19903-74 09Г2С-12 ГОСТ 19281-2014;126.80000000000001;0.0;0.0;26.784;0.0;0.0;0.0;20.832;0.0;0.0;0.0;0.0;0.0;0.0;0.0;0.0;4923.373;0.0
Лист 3 ГОСТ 19903-74 ст3 ГОСТ 380-2005;2.964;0.0;0.0;0.0;0.0;0.0;0.0;0.0;0.0;0.0;0.0;0.0;0.0;0.0;0.0;0.0;0.0;0.0
Лист 4 ГОСТ 19903-74 09Г2С-12 ГОСТ 19281-2014;0.0;0.0;0.0;0.0;965.620999999998;565.59;273.424;27.216;317.192;30.372999999999998;216.48999999999998;0.0;187.979;33.495;14.399999999999999;764.947;13628.433;1461.295
Лист 4 ГОСТ 19903-74 09Г2С-15 ГОСТ 19281-2014;0.0;0.0;0.0;0.0;0.0;0.0;0.0;0.0;0.0;0.0;0.0;0.0;0.0;0.0;0.0;756.502;48.471;0.0
Лист 4 ГОСТ 19903-74 С345-3 ГОСТ 27772-2015;7754.52;0.0;0.0;0.0;0.0;0.0;0.0;0.0;5650.829000000001;0.0;7149.282;0.0;0.0;2679.927;2324.204;392.26;0.0;34.132999999999996
Лист 4 ГОСТ 19903-74 ст3 ГОСТ 380-2005;3804.623;0.0;0.0;0.0;0.0;0.0;0.0;0.0;0.0;0.0;0.0;0.0;0.0;0.0;0.0;0.0;0.0;0.0
Лист 5 ГОСТ 19903-74 09Г2С-12 ГОСТ 19281-2014;172.506;0.0;0.0;79.629;9.651;95.951;0.0;0.0;0.0;3.279;0.0;0.0;0.0;20.93;0.0;0.0;0.0;0.0
Лист 5 ГОСТ 19903-74 09Г2С-15 ГОСТ 19281-2014;2.512;0.0;0.0;0.0;0.0;0.0;0.0;0.0;0.0;0.0;0.0;0.0;0.0;0.0;0.0;160.182;0.0;0.0
Лист 5 ГОСТ 19903-74 С345-3 ГОСТ 27772-2015;0.0;0.0;0.0;0.0;0.0;0.0;0.0;0.0;2.144;0.0;0.0;0.0;0.0;14.719000000000001;14.486;0.0;0.0;0.0
Лист 6 ГОСТ 19903-74 09Г2С-12 ГОСТ 19281-2014;0.0;0.0;0.0;0.0;229.1040000000001;28.342;298.592;347.97;533.688;120.631;176.24;0.0;193.864;46.935;0.0;76.787;1414.946;134.35
Лист 6 ГОСТ 19903-74 09Г2С-15 ГОСТ 19281-2014;0.0;0.0;0.0;0.0;0.0;0.0;0.0;0.0;0.0;72.845;0.0;120.69;0.0;0.0;0.0;50.626;34.652;0.0
Лист 6 ГОСТ 19903-74 С345-3 ГОСТ 27772-2015;0.0;0.0;0.0;0.0;0.0;0.0;0.0;26.82;9.843;0.0;187.017;0.0;0.0;71.919;59.058;51.827;0.0;68.31700000000001
Лист 6 ГОСТ 19903-74 С345-6 ГОСТ 27772-2015;0.0;0.0;0.0;0.0;0.0;0.0;0.0;31.724;0.0;0.0;0.0;0.0;0.0;0.0;0.0;0.0;0.0;0.0
Лист 8 ГОСТ 19903-74 09Г2С-12 ГОСТ 19281-2014;0.0;0.0;0.0;0.0;0.0;0.0;0.0;0.0;0.0;0.0;0.0;0.0;0.0;0.0;0.0;0.0;188.03099999999756;403.7
Лист 8 ГОСТ 19903-74 09Г2С-15 ГОСТ 19281-2014;0.0;0.0;0.0;0.0;0.0;0.0;0.0;0.0;0.0;0.0;0.0;0.0;0.0;0.0;0.0;0.0;264.579;0.0
Лист 8 ГОСТ 19903-74 С345-3 ГОСТ 27772-2015;246.24;0.0;0.0;0.0;0.0;0.0;0.0;0.0;242.34;0.0;306.964;0.0;0.0;113.092;96.93599999999999;93.636;0.0;339.15
Лист ГЦ(Прокат 03) 1,5 Ц350 ГОСТ Р 52246-2016;46.69;0.0;0.0;0.0;0.0;0.0;0.0;0.0;0.0;0.0;0.0;0.0;0.0;0.0;0.0;0.0;0.0;0.0
Лист ПВ 406 ТУ 36.26.11-5-89 ст3 ГОСТ 380-2005;0.0;0.0;1731.2769999999998;0.0;279.79;1127.712;0.0;0.0;0.0;0.0;0.0;0.0;0.0;0.0;0.0;0.0;0.0;279.79
Лист ромб 4 ГОСТ 8568-77 ст3 ГОСТ 380-2005;0.0;0.0;0.0;0.0;0.0;0.0;0.0;0.0;0.0;0.0;0.0;0.0;0.0;0.0;0.0;0.0;0.0;27.575000000000045
Табличка 63х80 12Х18Н10Т;5.48;0.776;0.0;0.5800000000000001;0.0;0.36;0.0;0.58;0.28;0.0;0.0;0.0;0.0;0.14;0.0;0.04;0.26;0.14
Труба 168х8 ГОСТ 10704-91 09Г2С-12 ГОСТ 19821-2014;1376.296;0.0;0.0;0.0;0.0;0.0;0.0;0.0;0.0;0.0;0.0;0.0;0.0;0.0;0.0;0.0;0.0;0.0
Труба 203х9 ГОСТ 8732-78 09Г2С-12 ГОСТ 19821-2014;698.2299999999999;0.0;0.0;0.0;0.0;0.0;0.0;0.0;0.0;0.0;0.0;0.0;0.0;0.0;0.0;0.0;0.0;0.0
Труба 219х10 ГОСТ 10704-91 09Г2С-12 ГОСТ 19281-2014;0.0;0.0;0.0;0.0;0.0;0.0;0.0;0.0;0.0;125.986;0.0;0.0;0.0;0.0;0.0;0.0;0.0;0.0
Труба 219х10 ГОСТ 8732-78 09Г2С-12 ГОСТ 19281-2014;2697.277;0.0;0.0;1700.919;0.0;0.0;0.0;0.0;987.8580000000001;0.0;1251.283;0.0;0.0;461.02;395.142;62.993;0.0;0.0
Труба 219х8 ГОСТ 10704-91 09Г2С-12 ГОСТ 19281-2014;5384.896;0.0;0.0;1573.56;0.0;0.0;0.0;0.0;0.0;291.4;0.0;0.0;0.0;0.0;0.0;0.0;0.0;0.0
Труба 219х9 ГОСТ 8732-78 09Г2С-12 ГОСТ 19281-2014;2610.16;0.0;0.0;0.0;0.0;0.0;0.0;0.0;978.8100000000001;261.016;1239.826;0.0;0.0;456.778;391.524;65.256;0.0;0.0
Труба 245х9 ГОСТ 8732-78 09Г2С-12 ГОСТ 19281-2014;1367.635;0.0;0.0;0.0;0.0;0.0;0.0;0.0;0.0;0.0;0.0;0.0;0.0;0.0;0.0;0.0;0.0;0.0
Труба 325х9 ГОСТ 10704-91 09Г2С-12 ГОСТ 19281-2014;1280.458;0.0;0.0;0.0;0.0;0.0;0.0;0.0;872.858;0.0;0.0;0.0;0.0;0.0;0.0;0.0;0.0;0.0
Труба 325х9 ГОСТ 8732-78 09Г2С-12 ГОСТ 19281-2014;868.9700000000003;0.0;0.0;0.0;0.0;0.0;0.0;0.0;927.41;0.0;2280.342;0.0;0.0;840.1120000000001;720.108;56.424;0.0;0.0
Труба 351х8 ГОСТ 8732-78 09Г2С-12 ГОСТ 19281-2014;1597.78;0.0;0.0;0.0;0.0;0.0;0.0;0.0;0.0;0.0;0.0;0.0;0.0;0.0;0.0;0.0;0.0;0.0
Труба 36х3 ГОСТ 10704-91 09Г2С-15 ГОСТ 19281-2014;285.267;0.0;0.0;0.0;0.0;0.0;0.0;0.0;0.0;0.0;0.0;0.0;0.0;0.0;0.0;0.0;0.0;0.0
Труба 51х3,5 ГОСТ 8732-78 09Г2С-12 ГОСТ 19281-2014;101.505;0.0;0.0;0.0;0.0;0.0;0.0;0.0;0.0;0.0;0.0;0.0;0.0;0.0;0.0;0.0;0.0;0.0
Труба 530х9 ГОСТ 10704-91 09Г2С-12 ГОСТ 19281-2014;185.019;0.0;0.0;0.0;0.0;0.0;0.0;0.0;0.0;0.0;0.0;0.0;0.0;0.0;0.0;0.0;0.0;0.0
Труба 530х9 ГОСТ 8732-78 09Г2С-12 ГОСТ 19281-2014;0.0;0.0;0.0;0.0;0.0;0.0;0.0;0.0;0.0;801.749;0.0;0.0;0.0;0.0;0.0;0.0;0.0;0.0
Труба 63,5х4 ГОСТ 8732-78 09Г2С-15 ГОСТ 19821-2014;1046.682;0.0;0.0;0.0;0.0;0.0;0.0;0.0;0.0;0.0;0.0;0.0;0.0;0.0;0.0;0.0;0.0;0.0
Труба 73х6 ГОСТ 8732-78 09Г2С-12 ГОСТ 19281-2014;14.769;0.0;0.0;0.0;0.0;45.021;0.0;0.0;0.0;0.0;0.0;0.0;0.0;0.0;0.0;0.0;0.0;0.0
Труба 73х6 ГОСТ 8732-78 09Г2С-15 ГОСТ 19281-2014;0.0;0.0;0.0;0.0;0.0;0.0;0.0;0.0;0.0;0.0;0.0;0.0;0.0;0.0;0.0;89.988;0.0;0.0
Труба ДУ 20х26,8х2,8 ГОСТ 3262-75 ст3 ГОСТ 380-2005;8.471;0.0;0.0;0.0;0.0;0.0;0.0;0.0;0.0;0.0;0.0;0.0;0.0;0.0;0.0;0.0;0.0;0.0
Труба ДУ-Ц-Р 32х42,3х3,2 ГОСТ 3262-75 ст3 ГОСТ 380-2005;0.0;0.0;0.0;0.0;0.0;0.0;0.0;0.0;0.0;0.0;0.0;0.0;0.0;0.0;0.0;145.412;0.0;0.0
Труба профильная 120х120х4 ГОСТ 30245-94 09Г2С-15 ГОСТ 19281-2014;0.0;66.152;0.0;0.0;0.0;0.0;0.0;0.0;0.0;0.0;0.0;0.0;0.0;0.0;0.0;0.0;0.0;0.0
Труба профильная 140х140х8 ГОСТ 30245-2003 С345-6 ГОСТ 27772-2015;317.164;0.0;0.0;0.0;0.0;0.0;0.0;0.0;0.0;0.0;0.0;0.0;0.0;0.0;0.0;0.0;0.0;0.0
Труба профильная 180х140х6 ГОСТ 30245-94 ст3 ГОСТ 380-2005;116.48900000000003;0.0;0.0;0.0;0.0;0.0;0.0;0.0;0.0;0.0;0.0;0.0;0.0;0.0;0.0;0.0;0.0;0.0
Труба профильная 40х40х3 ГОСТ 30245-94 09Г2С-12 ГОСТ 19281-2014;0.0;0.0;0.0;0.0;0.0;0.0;0.0;0.0;0.0;0.0;0.0;0.0;0.0;0.0;0.0;20.534;0.0;0.0
Труба профильная 80х80х4 ГОСТ 30245-94 09Г2С-12 ГОСТ 19281-2014;980.082;0.0;0.0;0.0;0.0;0.0;0.0;0.0;0.0;0.0;0.0;0.0;0.0;0.0;0.0;0.0;1872.871;0.0
Уголок 100х100х10 ГОСТ 8509-86 09Г2С-12 ГОСТ 19281-2014;225.82200000000006;0.0;0.0;0.0;0.0;0.0;0.0;0.0;0.0;0.0;0.0;0.0;0.0;0.0;0.0;0.0;0.0;0.0
Уголок 100х100х10 ГОСТ 8509-86 С345-3 ГОСТ 27772-2015;0.0;0.0;0.0;0.0;0.0;0.0;0.0;0.0;0.0;0.0;0.0;0.0;0.0;0.0;0.0;754.68;0.0;1132.02
Уголок 100х100х10 ГОСТ 8509-86 Ст5сп ГОСТ 5781-82;250.791;0.0;0.0;0.0;0.0;0.0;0.0;0.0;0.0;0.0;0.0;0.0;0.0;0.0;0.0;0.0;0.0;0.0
Уголок 100х100х7 ГОСТ 8509-86 09Г2С-12 ГОСТ 19281-2014;0.0;0.0;0.0;0.0;0.0;0.0;0.0;0.0;0.0;0.0;0.0;0.0;0.0;2040.955;0.0;0.0;9684.74;0.0
Уголок 100х100х7 ГОСТ 8509-86 09Г2С-15 ГОСТ 19281-2014;0.0;0.0;0.0;0.0;0.0;0.0;0.0;0.0;0.0;6299.384;0.0;5248.17;0.0;0.0;0.0;0.0;0.0;0.0
Уголок 100х100х8 ГОСТ 8509-86 09Г2С-12 ГОСТ 19281-2014;0.0;0.0;0.0;0.0;5040.405000000002;6123.11;4900.864;4362.057;4900.864;0.0;3063.04;0.0;3369.344;0.0;0.0;0.0;0.0;0.0
Уголок 100х100х8 ГОСТ 8509-86 09Г2С-15 ГОСТ 19281-2014;0.0;0.0;0.0;0.0;0.0;0.0;0.0;0.0;0.0;0.0;0.0;0.0;0.0;0.0;0.0;612.54;0.0;0.0
Уголок 100х100х8 ГОСТ 8509-86 С345-3 ГОСТ 27772-2015;0.0;0.0;0.0;0.0;0.0;0.0;0.0;0.0;0.0;0.0;0.0;0.0;0.0;0.0;0.0;0.0;0.0;830.868
Уголок 110х110х8 ГОСТ 8509-86 09Г2С-12 ГОСТ 19281-2014;4363.804;1524.0140000000001;0.0;2979.0;0.0;2591.4;3409.2;0.0;0.0;1638.0;0.0;0.0;0.0;0.0;0.0;1323.518;0.0;0.0
Уголок 110х110х8 ГОСТ 8509-86 09Г2С-15 ГОСТ 19281-2014;0.0;0.0;0.0;0.0;0.0;0.0;0.0;0.0;0.0;1231.667;0.0;0.0;0.0;0.0;0.0;0.0;0.0;0.0
Уголок 125х125х8 ГОСТ 8509-86 09Г2С-12 ГОСТ 19281-2014;0.0;0.0;0.0;0.0;5878.6630000000005;0.0;6321.424;0.0;6321.424;0.0;3950.89;0.0;4345.979;5935.251;0.0;696.972;13014.56;0.0
Уголок 125х125х8 ГОСТ 8509-86 09Г2С-15 ГОСТ 19281-2014;0.0;0.0;0.0;0.0;0.0;0.0;0.0;0.0;0.0;12078.944000000001;0.0;15262.074;0.0;0.0;0.0;0.0;0.0;0.0
Уголок 125х125х8 ГОСТ 8509-86 С345-3 ГОСТ 27772-2015;0.0;0.0;0.0;0.0;0.0;0.0;0.0;3391.572;0.0;0.0;0.0;0.0;0.0;0.0;0.0;0.0;0.0;0.0
Уголок 140х140х10 ГОСТ 8509-86 09Г2С-12 ГОСТ 19281-2014;0.0;0.0;0.0;0.0;0.0;0.0;2437.728;0.0;0.0;0.0;0.0;0.0;0.0;0.0;0.0;0.0;0.0;0.0
Уголок 140х140х12 ГОСТ 8509-86 09Г2С-15 ГОСТ 19281-2014;0.0;0.0;0.0;0.0;0.0;0.0;0.0;0.0;0.0;0.0;0.0;0.0;0.0;0.0;0.0;1378.016;0.0;0.0
Уголок 140х140х9 ГОСТ 8509-86 09Г2С-12 ГОСТ 19281-2014;9198.106;4076.1980000000003;0.0;0.0;120.497;0.0;0.0;0.0;0.0;0.0;0.0;0.0;0.0;4876.228;0.0;0.0;9055.852;86.265
Уголок 140х140х9 ГОСТ 8509-86 09Г2С-15 ГОСТ 19281-2014;0.0;0.0;0.0;0.0;0.0;0.0;0.0;0.0;0.0;6966.04;0.0;12538.872;0.0;0.0;0.0;0.0;0.0;0.0
Уголок 140х140х9 ГОСТ 8509-86 345-09Г2С-12 ГОСТ 19281-2014;0.0;0.0;0.0;0.0;0.0;0.0;0.0;0.0;0.0;635.556;0.0;0.0;0.0;0.0;0.0;0.0;0.0;0.0
Уголок 140х140х9 ГОСТ 8509-86 С345-3 ГОСТ 27772-2015;0.0;0.0;0.0;0.0;0.0;0.0;0.0;2786.416;0.0;0.0;0.0;0.0;0.0;0.0;0.0;0.0;0.0;0.0
Уголок 160х160х10 ГОСТ 8509-86 09Г2С-12 ГОСТ 19281-2014;2560.3379999999997;1691.0189999999998;1452.166;2206.846;207.155;8827.384;3310.269;0.0;0.0;0.0;0.0;0.0;0.0;3964.037;0.0;0.0;14767.233;163.995
Уголок 160х160х10 ГОСТ 8509-86 09Г2С-15 ГОСТ 19281-2014;0.0;0.0;0.0;861.209;0.0;0.0;0.0;0.0;0.0;12220.774;0.0;10193.238;0.0;0.0;0.0;2537.846;0.0;0.0
Уголок 160х160х10 ГОСТ 8509-86 С345-3 ГОСТ 27772-2015;0.0;0.0;0.0;0.0;0.0;0.0;0.0;2265.164;0.0;0.0;0.0;0.0;0.0;0.0;0.0;0.0;0.0;0.0
Уголок 160х160х10 ГОСТ 8509-86 С345-6 ГОСТ 27772-2015;939.672;0.0;0.0;0.0;0.0;0.0;0.0;0.0;0.0;0.0;0.0;0.0;0.0;0.0;0.0;0.0;0.0;0.0
Уголок 180х180х11 ГОСТ 8509-86 09Г2С-12 ГОСТ 19281-2014;0.0;0.0;0.0;0.0;0.0;0.0;698.5369999999998;0.0;0.0;0.0;0.0;0.0;0.0;0.0;0.0;0.0;0.0;0.0
Уголок 180х180х11 ГОСТ 8509-86 09Г2С-15 ГОСТ 19281-2014;0.0;0.0;0.0;0.0;0.0;0.0;0.0;0.0;0.0;2174.353;0.0;0.0;0.0;0.0;0.0;0.0;0.0;0.0
Уголок 32х32х4 ГОСТ 8509-86 09Г2С-12 ГОСТ 19281-2014;0.0;0.0;0.0;0.0;727.1580000000004;18.112;844.304;0.0;844.304;0.0;527.69;0.0;580.459;0.0;0.0;969.133;3218.306;0.0
Уголок 32х32х4 ГОСТ 8509-86 09Г2С-15 ГОСТ 19281-2014;0.0;0.0;0.0;0.0;0.0;0.0;0.0;0.0;0.0;0.0;0.0;0.0;0.0;0.0;0.0;36.224;0.0;0.0
Уголок 32х32х4 ГОСТ 8509-86 С345-3 ГОСТ 27772-2015;0.0;0.0;0.0;0.0;0.0;0.0;0.0;0.0;454.27500000000003;0.0;575.415;0.0;0.0;211.995;181.71;30.285;0.0;26.62
Уголок 35х35х4 ГОСТ 8509-86 09Г2С-12 ГОСТ 19281-2014;0.0;0.0;0.0;0.0;0.0;0.0;0.0;0.0;0.0;0.0;0.0;0.0;0.0;0.0;0.0;46.306;0.0;114.6
Уголок 35х35х4 ГОСТ 8509-86 09Г2С-15 ГОСТ 19281-2014;0.0;0.0;0.0;0.0;0.0;0.0;0.0;0.0;0.0;0.0;0.0;0.0;0.0;0.0;0.0;0.0;512.473;0.0
Уголок 35х35х4 ГОСТ 8509-86 С345-3 ГОСТ 27772-2015;0.0;0.0;0.0;0.0;0.0;0.0;0.0;0.0;0.0;0.0;0.0;0.0;0.0;0.0;0.0;47.48600000000059;0.0;198.426
Уголок 40х40х4 ГОСТ 8509-86 09Г2С-12 ГОСТ 19281-2014;0.0;0.0;0.0;0.0;0.0;0.0;0.0;0.0;0.0;0.0;1355.442000000005;0.0;3678.642;484.883;0.0;0.0;900.497;1131.245
Уголок 40х40х4 ГОСТ 8509-86 09Г2С-15 ГОСТ 19281-2014;0.0;0.0;0.0;0.0;0.0;0.0;0.0;0.0;0.0;0.0;0.0;1246.842;0.0;0.0;0.0;85.592;0.0;0.0
Уголок 40х40х4 ГОСТ 8509-86 С345-3 ГОСТ 27772-2015;0.0;0.0;0.0;0.0;0.0;0.0;0.0;0.0;0.0;0.0;0.0;0.0;0.0;0.0;0.0;370.326;0.0;1131.2649999999999
Уголок 40х40х5 ГОСТ 8509-86 09Г2С-12 ГОСТ 19281-2014;44.059999999999995;0.0;0.0;0.0;0.0;0.0;0.0;0.0;0.0;0.0;0.0;0.0;0.0;0.0;0.0;0.0;0.0;0.0
Уголок 45х45х4 ГОСТ 8509-86 09Г2С-12 ГОСТ 19281-2014;4053.522;2964.013999999999;0.0;4001.839;1634.011;0.0;0.0;0.0;0.0;0.0;0.0;0.0;0.0;0.0;0.0;5.282;0.0;947.73
Уголок 45х45х5 ГОСТ 8509-86 09Г2С-12 ГОСТ 19281-2014;215.31;0.0;0.0;0.0;0.0;24.727;0.0;0.0;0.0;0.0;0.0;0.0;0.0;0.0;0.0;0.0;0.0;0.0
Уголок 45х45х5 ГОСТ 8509-86 09Г2С-15 ГОСТ 19281-2014;0.0;0.0;0.0;0.0;0.0;0.0;0.0;0.0;0.0;0.0;0.0;0.0;0.0;0.0;0.0;995.244;0.0;0.0
Уголок 50х50х4 ГОСТ 8509-86 09Г2С-12 ГОСТ 19281-2014;0.0;0.0;0.0;7.084;190.36;967.2890000000001;540.612;0.0;0.0;0.0;0.0;0.0;0.0;0.0;0.0;563.87;0.0;190.36
Уголок 50х50х5 ГОСТ 8509-86 09Г2С-12 ГОСТ 19281-2014;0.0;0.0;0.0;0.0;0.0;0.0;0.0;0.0;1530.704;47.181;956.69;0.0;1052.359;1245.8590000000002;0.0;90.246;2240.563;3464.13
Уголок 50х50х5 ГОСТ 8509-86 09Г2С-15 ГОСТ 19281-2014;0.0;0.0;0.0;0.0;0.0;0.0;0.0;0.0;0.0;1931.215;0.0;3100.122;0.0;0.0;0.0;864.812;482.232;0.0
Уголок 50х50х5 ГОСТ 8509-86 С345-3 ГОСТ 27772-2015;0.0;0.0;0.0;0.0;0.0;0.0;0.0;520.2919999999987;13.013;0.0;0.0;0.0;0.0;149.468;136.354;0.0;0.0;0.0
Уголок 50х50х5 ГОСТ 8509-86 С345-6 ГОСТ 27772-2015;0.0;0.0;0.0;0.0;0.0;0.0;0.0;864.352;0.0;0.0;0.0;0.0;0.0;0.0;0.0;0.0;0.0;0.0
Уголок 63х63х5 ГОСТ 8509-86 09Г2С-12 ГОСТ 19281-2014;14589.562;11200.159000000001;1190.432;1042.078;1855.4629999999997;11.376;0.0;0.0;0.0;0.0;0.0;0.0;0.0;4644.411999999999;0.0;0.0;8572.005;1198.875
Уголок 63х63х5 ГОСТ 8509-86 С345-3 ГОСТ 27772-2015;0.0;0.0;0.0;0.0;0.0;0.0;0.0;2636.32;0.0;0.0;0.0;0.0;0.0;0.0;0.0;22.048;0.0;665.018
Уголок 70х70х6 ГОСТ 8509-86 09Г2С-12 ГОСТ 19281-2014;0.0;0.0;0.0;0.0;0.0;0.0;0.0;0.0;0.0;0.0;861.85;0.0;948.035;3934.0750000000003;0.0;780.95;9314.643;2484.57
Уголок 70х70х6 ГОСТ 8509-86 09Г2С-15 ГОСТ 19281-2014;0.0;0.0;0.0;0.0;0.0;0.0;0.0;0.0;0.0;7049.081000000004;0.0;10066.662;0.0;0.0;0.0;1595.794;382.803;0.0
Уголок 70х70х6 ГОСТ 8509-86 С345-3 ГОСТ 27772-2015;0.0;0.0;0.0;0.0;0.0;0.0;0.0;0.0;0.0;0.0;0.0;0.0;0.0;160.481;31.392;0.0;0.0;0.0
Уголок 75х75х6 ГОСТ 8509-86 09Г2С-12 ГОСТ 19281-2014;113.42400000000026;0.0;445.785;0.0;0.0;459.6050000000001;0.0;0.0;0.0;9.887;0.0;0.0;0.0;0.0;0.0;0.0;0.0;0.0
Уголок 75х75х6 ГОСТ 8509-86 09Г2С-15 ГОСТ 19281-2014;0.0;0.0;0.0;0.0;0.0;0.0;0.0;0.0;0.0;0.0;0.0;0.0;0.0;0.0;0.0;284.224;0.0;0.0
Уголок 75х75х6 ГОСТ 8509-86 С345-3 ГОСТ 27772-2015;0.0;0.0;0.0;0.0;0.0;0.0;0.0;0.0;0.0;0.0;0.0;0.0;0.0;7.416;19.774;0.0;0.0;0.0
Уголок 80х80х6 ГОСТ 8509-86 09Г2С-12 ГОСТ 19281-2014;0.0;0.0;0.0;0.0;0.0;0.0;0.0;0.0;0.0;0.0;0.0;0.0;0.0;4934.951;0.0;0.0;6013.319;1873.61
Уголок 80х80х6 ГОСТ 8509-86 09Г2С-15 ГОСТ 19281-2014;0.0;0.0;0.0;0.0;0.0;0.0;0.0;0.0;0.0;0.0;0.0;6746.827;0.0;0.0;0.0;0.0;1051.67;0.0
Уголок 80х80х6 ГОСТ 8509-86 С345-3 ГОСТ 27772-2015;0.0;0.0;0.0;0.0;0.0;0.0;0.0;0.0;0.0;0.0;0.0;0.0;0.0;0.0;0.0;374.4;0.0;561.6
Уголок 90х90х7 ГОСТ 8509-86 09Г2С-12 ГОСТ 19281-2014;2619.8889999999997;2833.9190000000026;2139.853;82.902;4907.09;937.246;9955.798999999999;0.0;4517.552;1520.4;2823.47;0.0;3105.817;5924.751;0.0;32.826;18260.58;277.41
Уголок 90х90х7 ГОСТ 8509-86 09Г2С-12 ГОСТ 27772-2015;0.0;0.0;0.0;0.0;0.0;11393.192;0.0;0.0;0.0;0.0;0.0;0.0;0.0;0.0;0.0;0.0;0.0;0.0
Уголок 90х90х7 ГОСТ 8509-86 09Г2С-15 ГОСТ 19281-2014;0.0;0.0;0.0;1195.164;0.0;0.0;0.0;0.0;0.0;15043.822;0.0;15235.074;0.0;0.0;0.0;0.0;0.0;0.0
Уголок 90х90х7 ГОСТ 8509-86 С345-3 ГОСТ 27772-2015;0.0;0.0;0.0;0.0;0.0;0.0;0.0;3385.572;0.0;0.0;0.0;0.0;0.0;0.0;0.0;0.0;0.0;867.164
Швеллер 10 П ГОСТ 8240-89 09Г2С-12 ГОСТ 19281-2014;0.0;0.0;0.0;0.0;0.0;208.51899999999978;0.0;0.0;0.0;0.0;0.0;0.0;0.0;0.0;0.0;0.0;0.0;819.74
Швеллер 10 П ГОСТ 8240-89 09Г2С-15 ГОСТ 19281-2014;0.0;0.0;0.0;0.0;0.0;0.0;0.0;0.0;0.0;0.0;0.0;0.0;0.0;0.0;0.0;625.65;0.0;0.0
Швеллер 12 П ГОСТ 8240-89 09Г2С-12 ГОСТ 19281-2014;0.0;0.0;0.0;0.0;169.09999999999988;0.0;72.112;0.0;72.112;0.0;45.07;0.0;49.577;0.0;0.0;0.0;0.0;731.465
Швеллер 16 П ГОСТ 8240-89 09Г2С-12 ГОСТ 19281-2014;0.0;0.0;0.0;0.0;0.0;0.0;0.0;0.0;0.0;0.0;0.0;0.0;0.0;0.0;0.0;0.0;0.0;117.6020000000002
Швеллер 16 У ГОСТ 8240-89 09Г2С-12 ГОСТ 19821-2014;671.086;0.0;0.0;0.0;0.0;4415.611000000001;0.0;0.0;0.0;0.0;0.0;0.0;0.0;0.0;0.0;0.0;0.0;0.0
Швеллер 18 П ГОСТ 8240-89 09Г2С-12 ГОСТ 19281-2014;0.0;0.0;0.0;0.0;0.0;0.0;0.0;0.0;0.0;0.0;0.0;0.0;0.0;0.0;0.0;0.0;2607.6400000000003;0.0
Швеллер 20 У ГОСТ 8240-89 09Г2С-12 ГОСТ 19281-2014;187.48800000000006;0.0;0.0;378.072;3263.192;0.0;0.0;0.0;0.0;0.0;0.0;0.0;0.0;0.0;0.0;0.0;0.0;0.0
Швеллер 20 У ГОСТ 8240-97 С345-3 ГОСТ 27772-2015;0.0;0.0;0.0;0.0;0.0;0.0;0.0;0.0;0.0;0.0;0.0;0.0;0.0;0.0;0.0;50.272;0.0;75.408
Швеллер 22 П ГОСТ 8240-89 09Г2С-12 ГОСТ 19281-2014;0.0;0.0;0.0;0.0;0.0;431.19;0.0;0.0;0.0;0.0;0.0;0.0;0.0;0.0;0.0;0.0;0.0;0.0
Швеллер 30 У ГОСТ 8240-89 09Г2С-12 ГОСТ 19281-2014;0.0;2651.411;0.0;0.0;0.0;0.0;0.0;0.0;0.0;0.0;0.0;0.0;0.0;0.0;0.0;0.0;0.0;0.0
Швеллер 8 П ГОСТ 8240-89 09Г2С-12 ГОСТ 19281-2014;11.791;0.0;0.0;0.0;32.339;0.0;0.0;0.0;0.0;0.0;0.0;0.0;0.0;0.0;0.0;0.0;0.0;25.775
Швеллер гнутый 100х50х50х4 ГОСТ 8278-83 09Г2С-15 ГОСТ 19281-2014;845.731;0.0;0.0;0.0;0.0;0.0;0.0;0.0;0.0;0.0;0.0;0.0;0.0;0.0;0.0;0.0;0.0;0.0
Швеллер гнутый 120х60х60х4 ГОСТ 8278-83 09Г2С-15 ГОСТ 19281-2014;580.817;0.0;0.0;0.0;0.0;0.0;0.0;0.0;0.0;0.0;0.0;0.0;0.0;0.0;0.0;0.0;0.0;0.0
Шпилька по чертежу 16х1000.ст3.ГЦ Ст-2019-06;750.5;0.0;0.0;0.0;0.0;0.0;0.0;0.0;0.0;0.0;0.0;0.0;0.0;0.0;0.0;0.0;0.0;0.0
Шпилька по чертежу М42х272.09Г2С-6.бп 3.407.9-146.3-01КМД;47.328;0.0;0.0;0.0;0.0;0.0;0.0;0.0;0.0;0.0;0.0;0.0;0.0;0.0;0.0;0.0;0.0;0.0
